# path is a glob list (comma separated): * matches anything, [ch] a character class.
# upstream	path	csharp target(s)	kind
# kind: port = hand-ported line by line; gen = regenerated by a script; ref = reference/tests only; skip = not used
rade_c	src/rade_api.h	src/RadeSharp/RadeApi.cs, src/RadeSharp/RadeComp.cs	port
rade_c	src/rade_api.c	src/RadeSharp/RadeApi.cs	port
rade_c	src/rade_dsp.h	src/RadeSharp/Dsp/RadeDsp.cs	port
rade_c	src/rade_dsp.c	src/RadeSharp/Dsp/RadeDsp.cs	port
rade_c	src/rade_bpf.h	src/RadeSharp/Dsp/Bpf.cs	port
rade_c	src/rade_bpf.c	src/RadeSharp/Dsp/Bpf.cs	port
rade_c	src/rade_ofdm.h	src/RadeSharp/V1/Ofdm.cs	port
rade_c	src/rade_ofdm.c	src/RadeSharp/V1/Ofdm.cs	port
rade_c	src/rade_acq.h	src/RadeSharp/V1/Acq.cs	port
rade_c	src/rade_acq.c	src/RadeSharp/V1/Acq.cs, src/RadeSharp/Dsp/CRand.cs	port
rade_c	src/rade_tx.h	src/RadeSharp/V1/RadeTxV1.cs	port
rade_c	src/rade_tx.c	src/RadeSharp/V1/RadeTxV1.cs	port
rade_c	src/rade_rx.h	src/RadeSharp/V1/RadeRxV1.cs	port
rade_c	src/rade_rx.c	src/RadeSharp/V1/RadeRxV1.cs	port
rade_c	src/rade_enc.h	src/RadeSharp/Core/RadeCoreNets.cs	port
rade_c	src/rade_enc.c	src/RadeSharp/Core/RadeCoreNets.cs	port
rade_c	src/rade_dec.h	src/RadeSharp/Core/RadeCoreNets.cs	port
rade_c	src/rade_dec.c	src/RadeSharp/Core/RadeCoreNets.cs	port
rade_c	src/rade_core.h	src/RadeSharp/Core/RadeCoreNets.cs	port
rade_c	src/rade_constants.h	src/RadeSharp/Core/RadeCoreNets.cs	port
rade_c	src/rade_v2_core.h	src/RadeSharp/Core/RadeCoreNets.cs	port
rade_c	src/rade_v2_constants.h	src/RadeSharp/Core/RadeCoreNets.cs, src/RadeSharp/V2/*.cs	port
rade_c	src/rade_enc_v2.h	src/RadeSharp/Core/RadeCoreNets.cs	port
rade_c	src/rade_enc_v2.c	src/RadeSharp/Core/RadeCoreNets.cs	port
rade_c	src/rade_dec_v2.h	src/RadeSharp/Core/RadeCoreNets.cs	port
rade_c	src/rade_dec_v2.c	src/RadeSharp/Core/RadeCoreNets.cs	port
rade_c	src/rade_sync.h	src/RadeSharp/Core/RadeCoreNets.cs	port
rade_c	src/rade_sync.c	src/RadeSharp/Core/RadeCoreNets.cs	port
rade_c	src/rade_v2_ofdm.h	src/RadeSharp/V2/OfdmV2.cs	port
rade_c	src/rade_v2_ofdm.c	src/RadeSharp/V2/OfdmV2.cs	port
rade_c	src/rade_tx_v2.h	src/RadeSharp/V2/RadeTxV2.cs	port
rade_c	src/rade_tx_v2.c	src/RadeSharp/V2/RadeTxV2.cs	port
rade_c	src/rade_rx_v2.h	src/RadeSharp/V2/RadeRxV2.cs	port
rade_c	src/rade_rx_v2.c	src/RadeSharp/V2/RadeRxV2.cs	port
rade_c	src/rade_enc_data.[ch]	src/RadeSharp/Weights/rade_v1_enc.bin, src/RadeSharp/Models/Generated/RadeEncModel.g.cs	gen
rade_c	src/rade_dec_data.[ch]	src/RadeSharp/Weights/rade_v1_dec.bin, src/RadeSharp/Models/Generated/RadeDecModel.g.cs	gen
rade_c	src/rade_enc_v2_data.[ch]	src/RadeSharp/Weights/rade_v2_enc.bin, src/RadeSharp/Models/Generated/RadeEncV2Model.g.cs	gen
rade_c	src/rade_dec_v2_data.[ch]	src/RadeSharp/Weights/rade_v2_dec.bin, src/RadeSharp/Models/Generated/RadeDecV2Model.g.cs	gen
rade_c	src/rade_sync_data.[ch]	src/RadeSharp/Weights/rade_v2_sync.bin, src/RadeSharp/Models/Generated/RadeSyncModel.g.cs	gen
rade_c	src/opus-nnet.h.diff	(export macros only)	skip
rade_c	src/opus-nnet.c.diff	src/RadeSharp/Nnet/NnetOps.cs (MaxConvInputsAll)	port
rade_c	src/lpcnet_demo.c	src/RadeSharp/Vocoder/LpcnetDemo.cs, tools/RadeSharp.Tools/Program.cs	port
rade_c	src/radae_tx.c	tools/RadeSharp.Tools/Program.cs	port
rade_c	src/radae_rx.c	tools/RadeSharp.Tools/Program.cs	port
rade_c	src/rade_tx_wav.c	tools/RadeSharp.Tools/Program.cs, tools/RadeSharp.Tools/Wav.cs	port
rade_c	src/rade_rx_wav.c	tools/RadeSharp.Tools/Program.cs, tools/RadeSharp.Tools/Wav.cs	port
rade_c	src/real2iq.c	-	skip
rade_c	src/rade_*_test.c	reference/tools/*.c (golden generators)	ref
rade_c	src/kiss_fft*.c/h, src/_kiss_fft_guts.h	- (only rade_bpf_test uses them)	skip
rade_c	cmake/BuildOpus.cmake	reference/pins.cmake (OPUS_SHA)	ref
opus	dnn/nnet.h	src/RadeSharp/Nnet/WeightArray.cs, src/RadeSharp/Nnet/LinearLayer.cs, src/RadeSharp/Nnet/NnetOps.cs	port
opus	dnn/nnet.c	src/RadeSharp/Nnet/NnetOps.cs	port
opus	dnn/nnet_arch.h	src/RadeSharp/Nnet/NnetOps.cs	port
opus	dnn/vec.h	src/RadeSharp/Nnet/Vec.cs	port
opus	dnn/parse_lpcnet_weights.c	src/RadeSharp/Nnet/WeightArray.cs, src/RadeSharp/Nnet/LinearLayer.cs	port
opus	dnn/fargan.[ch]	src/RadeSharp/Vocoder/Fargan.cs	port
opus	dnn/fargan_data.[ch]	src/RadeSharp/Weights/fargan.bin, src/RadeSharp/Models/Generated/FarganModel.g.cs	gen
opus	dnn/pitchdnn.[ch]	src/RadeSharp/Vocoder/PitchDnn.cs	port
opus	dnn/pitchdnn_data.[ch]	src/RadeSharp/Weights/pitchdnn.bin, src/RadeSharp/Models/Generated/PitchDnnModel.g.cs	gen
opus	dnn/lpcnet_enc.c	src/RadeSharp/Vocoder/LpcnetEncoder.cs	port
opus	dnn/lpcnet.h, dnn/freq.h, dnn/lpcnet_private.h	src/RadeSharp/Vocoder/LpcnetConst.cs	port
opus	dnn/freq.c	src/RadeSharp/Vocoder/Freq.cs	port
opus	dnn/lpcnet_tables.c	src/RadeSharp/Weights/lpcnet_tables.bin	gen
opus	celt/kiss_fft.[ch], celt/_kiss_fft_guts.h	src/RadeSharp/Vocoder/KissFft.cs	port
opus	celt/mathops.h (FLOAT_APPROX celt_log2)	src/RadeSharp/Vocoder/CeltMath.cs	port
opus	celt/pitch.[ch] (celt_pitch_xcorr_c, celt_inner_prod_c)	src/RadeSharp/Vocoder/CeltMath.cs	port
opus	celt/celt_lpc.c (celt_fir_c)	src/RadeSharp/Vocoder/CeltMath.cs	port
freedv_text	src/rade_text.[ch]	src/RadeSharp.Text/RadeText.cs	port
freedv_text	codec2/mpdecode_core.[ch]	src/RadeSharp.Text/Ldpc.cs	port
freedv_text	codec2/ldpc_codes.[ch], codec2/HRA_56_56.[ch]	src/RadeSharp.Text/Ldpc.cs	port
freedv_text	codec2/phi0.[ch]	src/RadeSharp.Text/Phi0.cs	gen
freedv_text	codec2/gp_interleaver.[ch]	src/RadeSharp.Text/GpInterleaver.cs	port
zeus	native/radae/shim/zeus_rade.[ch]	src/RadeSharp.Text/RadeVoiceModem.cs	port
rade_c	README.md	README.md, docs/API.md (review wording/behaviour notes)	ref
rade_c	RadeAPIUse.md	docs/API.md	ref
rade_c	CMakeLists.txt, src/CMakeLists.txt	reference/CMakeLists.txt (new sources/tools?)	ref
rade_c	cmake/*	reference/CMakeLists.txt, reference/pins.cmake (Opus pin/patches)	ref
rade_c	.github/*, test/*	-	skip
rade_c	*.wav, wav/*	tests/fixtures via reference/make_golden.sh	ref
rade_c	LICENSE	LICENSE, NOTICE.md	ref
